player_id,series_count,game_count,total_kills,avg_kills,max_kills,min_kills,total_deaths,avg_deaths,max_deaths,min_deaths,kd_ratio,kills_per_game,deaths_per_game,id,nickname,team_name
18932,0,0,0,0.0,0,0,0,0.0,0,0,0.0,0.0,0.0,18932,AG Nuke,CS2-1
18933,0,0,0,0.0,0,0,0,0.0,0,0,0.0,0.0,0.0,18933,BadjoSP,CS2-1
18934,0,0,0,0.0,0,0,0,0.0,0,0,0.0,0.0,0.0,18934,wunder,CS2-1
18935,0,0,0,0.0,0,0,0,0.0,0,0,0.0,0.0,0.0,18935,Bulletito,CS2-2
18936,0,0,0,0.0,0,0,0,0.0,0,0,0.0,0.0,0.0,18936,AGmurdercore,CS2-2
18937,0,0,0,0.0,0,0,0,0.0,0,0,0.0,0.0,0.0,18937,Hello 21,CS2-1
18938,0,0,0,0.0,0,0,0,0.0,0,0,0.0,0.0,0.0,18938,perrch,CS2-2
19538,37,89,1274,34.432432432432435,61,14,1276,34.486486486486484,68,13,0.9984326018808778,14.314606741573034,14.337078651685394,19538,marat2k 風速,L&G
19549,22,53,750,34.09090909090909,53,18,784,35.63636363636363,47,18,0.9566326530612245,14.150943396226415,14.79245283018868,19549,2high,ENCE Academy
43856,4,9,134,33.5,49,22,136,34.0,43,18,0.9852941176470589,14.88888888888889,15.11111111111111,43856,chawzyyy,Johnny Speeds
43890,18,42,626,34.77777777777778,63,20,633,35.166666666666664,54,24,0.9889415481832543,14.904761904761905,15.071428571428571,43890,arvid,HEIMO
43891,5,10,165,33.0,48,19,160,32.0,42,18,1.03125,16.5,16.0,43891,ykis,HEIMO
43892,18,42,607,33.72222222222222,72,20,611,33.94444444444444,49,22,0.9934533551554828,14.452380952380953,14.547619047619047,43892,japE,HEIMO
43893,18,42,572,31.77777777777778,53,14,640,35.55555555555556,57,21,0.89375,13.619047619047619,15.238095238095237,43893,welho,HEIMO
43930,126,293,4773,37.88095238095238,62,18,4307,34.182539682539684,65,7,1.1081959600650104,16.2901023890785,14.699658703071673,43930,goldfer,Gameinside
43938,149,353,4596,30.845637583892618,59,12,5033,33.77852348993289,57,11,0.9131730578183985,13.019830028328611,14.257790368271955,43938,k1ndoff,REMBAZA
43952,31,74,1081,34.87096774193548,82,17,1094,35.29032258064516,59,23,0.9881170018281535,14.608108108108109,14.783783783783784,43952,Griller,Preasy Esports
46343,18,42,573,31.833333333333332,58,14,618,34.333333333333336,56,22,0.9271844660194175,13.642857142857142,14.714285714285714,46343,BøghmagiC,Preasy Esports
46345,0,0,0,0.0,0,0,0,0.0,0,0,0.0,0.0,0.0,46345,Vigg0,Copenhagen Wolves
46834,2,5,63,31.5,38,25,69,34.5,40,29,0.9130434782608695,12.6,13.8,46834,hagmeister,777
46836,0,0,0,0.0,0,0,0,0.0,0,0,0.0,0.0,0.0,46836,Affava,777
46838,0,0,0,0.0,0,0,0,0.0,0,0,0.0,0.0,0.0,46838,MadeInRed,777
46840,2,5,54,27.0,31,23,63,31.5,36,27,0.8571428571428571,10.8,12.6,46840,Viktha,777
46842,2,5,72,36.0,41,31,72,36.0,41,31,1.0,14.4,14.4,46842,wenba,777
48296,6,8,110,18.333333333333332,32,6,138,23.0,34,15,0.7971014492753623,13.75,17.25,48296,prisma21,Galorys Academy
49997,1,2,8,8.0,8,8,8,8.0,8,8,1.0,4.0,4.0,49997,T3mpty,REMBAZA
55313,47,114,1570,33.40425531914894,53,18,1575,33.51063829787234,59,14,0.9968253968253968,13.771929824561404,13.81578947368421,55313,dziugss,Navi Junior
55463,22,53,786,35.72727272727273,51,17,847,38.5,54,20,0.9279811097992916,14.830188679245284,15.981132075471699,55463,Schwarz,ENCE Academy
64397,27,66,885,32.77777777777778,65,14,1025,37.96296296296296,61,22,0.8634146341463415,13.409090909090908,15.530303030303031,64397,suma,Astralis Talent
64403,27,66,863,31.962962962962962,58,13,999,37.0,62,19,0.8638638638638638,13.075757575757576,15.136363636363637,64403,sSen,Astralis Talent
65207,0,0,0,0.0,0,0,0,0.0,0,0,0.0,0.0,0.0,65207,㉑ JNC,JOGA DE TERNO
65215,12,28,400,33.333333333333336,55,16,432,36.0,51,24,0.9259259259259259,14.285714285714286,15.428571428571429,65215,lezy,9z Academy
65558,5,11,139,27.8,44,18,165,33.0,51,27,0.8424242424242424,12.636363636363637,15.0,65558,Lekzi,Bestia Academy
65560,0,0,0,0.0,0,0,0,0.0,0,0,0.0,0.0,0.0,65560,★ ⑳ balencyy,JOGA DE TERNO
66066,5,13,243,48.6,71,30,183,36.6,54,28,1.3278688524590163,18.692307692307693,14.076923076923077,66066,Senzu,The MongolZ
67467,9,24,401,44.55555555555556,62,30,405,45.0,65,29,0.9901234567901235,16.708333333333332,16.875,67467,hampus,Johnny Speeds
67967,10,25,361,36.1,56,19,381,38.1,54,25,0.94750656167979,14.44,15.24,67967,kelieN,INSILIO
68240,2,3,60,30.0,41,19,53,26.5,36,17,1.1320754716981132,20.0,17.666666666666668,68240,hfah,Haspers Team
68483,2,5,64,32.0,33,31,69,34.5,40,29,0.927536231884058,12.8,13.8,68483,qzr,777
71459,1,3,33,33.0,33,33,41,41.0,41,41,0.8048780487804879,11.0,13.666666666666666,71459,splaw1k,Illuminar gaming
72956,34,86,1230,36.1764705882353,58,18,1207,35.5,48,25,1.0190555095277547,14.30232558139535,14.034883720930232,72956,SpavaQu,Illuminar gaming
74811,21,51,735,35.0,60,8,796,37.904761904761905,52,19,0.9233668341708543,14.411764705882353,15.607843137254902,74811,-_Chudy,Anonymo
75216,0,0,0,0.0,0,0,0,0.0,0,0,0.0,0.0,0.0,75216,Strope,777
77194,1,3,6,6.0,6,6,15,15.0,15,15,0.4,2.0,5.0,77194,betinho,Case
89549,0,0,0,0.0,0,0,0,0.0,0,0,0.0,0.0,0.0,89549,prn,ADEPTS
89551,19,48,613,32.26315789473684,53,11,734,38.63157894736842,52,26,0.8351498637602179,12.770833333333334,15.291666666666666,89551,cHeuuuuk',ADEPTS
89553,17,42,496,29.176470588235293,51,7,699,41.11764705882353,61,28,0.709585121602289,11.80952380952381,16.642857142857142,89553,Oxbrandd,ADEPTS
89555,19,48,762,40.10526315789474,58,16,648,34.10526315789474,45,24,1.1759259259259258,15.875,13.5,89555,Chucky,ADEPTS
89557,19,48,642,33.78947368421053,52,14,710,37.36842105263158,53,25,0.9042253521126761,13.375,14.791666666666666,89557,Tarkky,ADEPTS
97735,6,8,135,22.5,44,5,113,18.833333333333332,27,10,1.1946902654867257,16.875,14.125,97735,baccseven,Galorys Academy
98457,0,0,0,0.0,0,0,0,0.0,0,0,0.0,0.0,0.0,98457,tau7,Preasy Esports
108591,37,89,1360,36.75675675675676,70,18,1272,34.37837837837838,63,12,1.069182389937107,15.280898876404494,14.292134831460674,108591,OneUn1que,L&G
110876,120,281,4360,36.333333333333336,71,15,4343,36.19166666666667,64,14,1.0039143449228645,15.516014234875446,15.455516014234876,110876,zed1x,Seight
110878,136,318,4707,34.61029411764706,65,16,4693,34.50735294117647,73,13,1.0029831664180695,14.80188679245283,14.757861635220126,110878,faLcOn,Gameinside
110880,145,340,5511,38.00689655172414,73,12,5098,35.15862068965517,74,15,1.0810121616320125,16.208823529411763,14.994117647058824,110880,Kleepok,Gameinside
110882,137,319,5358,39.10948905109489,89,17,4539,33.13138686131387,64,9,1.180436219431593,16.796238244514107,14.22884012539185,110882,Shleper,Gameinside
110884,144,345,5259,36.520833333333336,75,10,5392,37.44444444444444,71,12,0.975333827893175,15.243478260869566,15.628985507246377,110884,noeN,Seight
110885,135,325,4815,35.666666666666664,69,12,5208,38.577777777777776,68,22,0.9245391705069125,14.815384615384616,16.024615384615384,110885,myata,NightRaid
110887,135,323,4745,35.148148148148145,72,5,5262,38.977777777777774,72,15,0.9017483846446218,14.690402476780186,16.291021671826627,110887,yakut,Purple Haze
110889,130,309,4330,33.30769230769231,58,7,5039,38.761538461538464,64,15,0.8592974796586624,14.01294498381877,16.307443365695793,110889,ZLOBAAAAAAAA,Seight
110891,103,247,3845,37.33009708737864,65,11,4058,39.398058252427184,71,23,0.9475110892065056,15.566801619433198,16.42914979757085,110891,sashqua,Seight
110897,4,8,132,33.0,40,29,142,35.5,42,31,0.9295774647887324,16.5,17.75,110897,Frontsiderr,DevilsOne
110899,2,4,66,33.0,38,28,67,33.5,38,29,0.9850746268656716,16.5,16.75,110899,-ZEMO,DevilsOne
110901,4,8,103,25.75,35,18,143,35.75,42,31,0.7202797202797203,12.875,17.875,110901,PeTeRoOo,DevilsOne
110903,4,8,143,35.75,45,28,146,36.5,43,33,0.9794520547945206,17.875,18.25,110903,suonko,DevilsOne
110926,6,11,171,28.5,49,15,123,20.5,31,9,1.3902439024390243,15.545454545454545,11.181818181818182,110926,rem1x,Vikings KR
110928,6,11,158,26.333333333333332,45,10,113,18.833333333333332,30,8,1.3982300884955752,14.363636363636363,10.272727272727273,110928,realz1n,Vikings KR
110930,6,11,149,24.833333333333332,38,11,141,23.5,47,8,1.0567375886524824,13.545454545454545,12.818181818181818,110930,zmb,Vikings KR
110932,11,27,448,40.72727272727273,66,7,404,36.72727272727273,58,10,1.108910891089109,16.59259259259259,14.962962962962964,110932,ksloks,ODDIK
110934,0,0,0,0.0,0,0,0,0.0,0,0,0.0,0.0,0.0,110934,honda,Vikings KR
110936,7,14,197,28.142857142857142,56,6,257,36.714285714285715,66,14,0.7665369649805448,14.071428571428571,18.357142857142858,110936,shoowtime,Bounty Hunters
110938,4,11,163,40.75,56,19,181,45.25,54,29,0.9005524861878453,14.818181818181818,16.454545454545453,110938,Reix,Bounty Hunters
110940,7,14,222,31.714285714285715,62,7,204,29.142857142857142,47,13,1.088235294117647,15.857142857142858,14.571428571428571,110940,KAISERzy,Bounty Hunters
110942,7,14,165,23.571428571428573,45,7,225,32.142857142857146,58,12,0.7333333333333333,11.785714285714286,16.071428571428573,110942,bnc77,Bounty Hunters
110944,10,22,372,37.2,69,7,331,33.1,52,8,1.1238670694864048,16.90909090909091,15.045454545454545,110944,piriajr,Fluxo
110954,155,369,6566,42.36129032258064,81,10,5523,35.63225806451613,65,10,1.1888466413181242,17.794037940379404,14.967479674796747,110954,yaph,REMBAZA
110956,1,3,10,10.0,10,10,16,16.0,16,16,0.625,3.3333333333333335,5.333333333333333,110956,dera,Seight
110958,157,372,6610,42.10191082802548,83,11,5990,38.152866242038215,63,15,1.1035058430717863,17.768817204301076,16.102150537634408,110958,PARKER,NightRaid
110960,142,338,5034,35.45070422535211,70,11,5378,37.87323943661972,66,17,0.9360357010040907,14.893491124260356,15.911242603550296,110960,Sul9n,NightRaid
110962,139,329,4713,33.906474820143885,62,12,4897,35.23021582733813,61,8,0.9624259750867878,14.325227963525835,14.884498480243161,110962,soNdarryll,Gameinside
110964,163,392,6503,39.895705521472394,75,16,6211,38.104294478527606,68,11,1.0470133633875383,16.589285714285715,15.84438775510204,110964,L1keRuch,REMBAZA
110966,125,296,4549,36.392,67,8,4767,38.136,69,10,0.9542689322425005,15.368243243243244,16.10472972972973,110966,M1rage0,NightRaid
110968,0,0,0,0.0,0,0,0,0.0,0,0,0.0,0.0,0.0,110968,w0of1e,REMBAZA
110970,154,374,5523,35.86363636363637,67,16,6011,39.032467532467535,73,12,0.9188155049076693,14.767379679144385,16.072192513368982,110970,TeeZZ,Purple Haze
110972,139,341,4771,34.32374100719424,69,13,5468,39.33812949640288,71,15,0.8725310899780542,13.991202346041055,16.035190615835777,110972,mav1k,Purple Haze
110974,152,370,6657,43.796052631578945,75,9,5964,39.23684210526316,70,13,1.1161971830985915,17.991891891891893,16.11891891891892,110974,bodyaooo,Purple Haze
110976,139,329,4986,35.8705035971223,75,11,5275,37.94964028776978,68,11,0.94521327014218,15.155015197568389,16.033434650455927,110976,DK,REMBAZA
110978,141,345,5694,40.38297872340426,78,11,5447,38.63120567375886,69,15,1.045346062052506,16.504347826086956,15.788405797101449,110978,Tymoshevskiy,Purple Haze
111007,0,0,0,0.0,0,0,0,0.0,0,0,0.0,0.0,0.0,111007,SLY,777
111009,13,33,539,41.46153846153846,58,20,553,42.53846153846154,66,23,0.9746835443037974,16.333333333333332,16.757575757575758,111009,bobeksde,Johnny Speeds
111011,13,33,422,32.46153846153846,51,18,509,39.15384615384615,56,19,0.8290766208251473,12.787878787878787,15.424242424242424,111011,Ro1f,Johnny Speeds
111013,14,36,626,44.714285714285715,68,27,607,43.357142857142854,58,24,1.031301482701812,17.38888888888889,16.86111111111111,111013,spooke,Johnny Speeds
111015,13,33,553,42.53846153846154,71,28,479,36.84615384615385,51,19,1.1544885177453028,16.757575757575758,14.515151515151516,111015,draken,Johnny Speeds
111170,4,10,132,33.0,41,17,133,33.25,41,25,0.9924812030075187,13.2,13.3,111170,lenci,LA CHAMPIONS LIGA
111182,7,18,294,42.0,65,19,216,30.857142857142858,45,15,1.3611111111111112,16.333333333333332,12.0,111182,mello,Game Hunters
111193,9,21,238,26.444444444444443,39,18,305,33.888888888888886,54,23,0.780327868852459,11.333333333333334,14.523809523809524,111193,⑳ JLK,MIBR Academy
111195,6,14,148,24.666666666666668,41,15,204,34.0,48,28,0.7254901960784313,10.571428571428571,14.571428571428571,111195,★ ⑳ bobz,MIBR Academy
111197,11,26,362,32.90909090909091,51,17,365,33.18181818181818,46,19,0.9917808219178083,13.923076923076923,14.038461538461538,111197,Markz,paiN Academy
111199,14,33,551,39.357142857142854,88,19,478,34.142857142857146,56,17,1.1527196652719665,16.696969696969695,14.484848484848484,111199,mlhzin,MIBR Academy
111201,14,33,432,30.857142857142858,58,15,456,32.57142857142857,51,10,0.9473684210526315,13.090909090909092,13.818181818181818,111201,brn$,MIBR Academy
111203,6,11,157,26.166666666666668,38,13,140,23.333333333333332,38,10,1.1214285714285714,14.272727272727273,12.727272727272727,111203,lukiz,Vikings KR
111238,11,27,333,30.272727272727273,50,9,393,35.72727272727273,55,11,0.8473282442748091,12.333333333333334,14.555555555555555,111238,matios,ODDIK
111240,11,27,391,35.54545454545455,58,19,378,34.36363636363637,53,7,1.0343915343915344,14.481481481481481,14.0,111240,WOOD7,ODDIK
111242,11,27,429,39.0,55,15,430,39.09090909090909,65,10,0.9976744186046511,15.88888888888889,15.925925925925926,111242,naitte,ODDIK
111244,11,27,437,39.72727272727273,59,16,389,35.36363636363637,56,11,1.1233933161953729,16.185185185185187,14.407407407407407,111244,togs,ODDIK
111250,8,21,314,39.25,54,29,282,35.25,51,17,1.1134751773049645,14.952380952380953,13.428571428571429,111250,card,MIBR Academy
111258,12,28,383,31.916666666666668,53,15,391,32.583333333333336,49,20,0.979539641943734,13.678571428571429,13.964285714285714,111258,divine,9z Academy
111260,12,28,414,34.5,52,13,426,35.5,56,20,0.971830985915493,14.785714285714286,15.214285714285714,111260,slashzz,9z Academy
111261,12,28,370,30.833333333333332,44,18,430,35.833333333333336,53,26,0.8604651162790697,13.214285714285714,15.357142857142858,111261,neozix,9z Academy
111263,12,28,374,31.166666666666668,49,15,403,33.583333333333336,47,19,0.9280397022332506,13.357142857142858,14.392857142857142,111263,MaxOff,9z Academy
111265,9,24,355,39.44444444444444,61,20,332,36.888888888888886,50,24,1.069277108433735,14.791666666666666,13.833333333333334,111265,bsd,Case
111267,11,24,408,37.09090909090909,62,14,375,34.09090909090909,57,16,1.088,17.0,15.625,111267,leomonster,Bad News Chickens
111271,14,31,420,30.0,50,14,463,33.07142857142857,56,22,0.9071274298056156,13.548387096774194,14.935483870967742,111271,cso,Sensei
111273,15,34,397,26.466666666666665,53,11,507,33.8,56,16,0.7830374753451677,11.676470588235293,14.911764705882353,111273,CutzMeretz,Sensei
111355,1,2,27,27.0,27,27,22,22.0,22,22,1.2272727272727273,13.5,11.0,111355,leo_drk,Hype E-sports
111357,1,2,30,30.0,30,30,17,17.0,17,17,1.7647058823529411,15.0,8.5,111357,MaLLby,Hype E-sports
111359,1,2,32,32.0,32,32,20,20.0,20,20,1.6,16.0,10.0,111359,vinaabeast,Hype E-sports
111363,1,2,43,43.0,43,43,13,13.0,13,13,3.3076923076923075,21.5,6.5,111363,history,Hype E-sports
111382,33,87,1247,37.78787878787879,66,17,1427,43.24242424242424,63,22,0.8738612473721094,14.333333333333334,16.402298850574713,111382,artist,Verdant
111384,34,89,1252,36.8235294117647,67,18,1509,44.38235294117647,62,21,0.829688535453943,14.067415730337078,16.95505617977528,111384,Extinct,Verdant
111386,33,87,1501,45.484848484848484,79,24,1234,37.39393939393939,56,15,1.2163695299837924,17.25287356321839,14.183908045977011,111386,Diviiii,Verdant
111388,32,84,1210,37.8125,71,13,1376,43.0,63,25,0.8793604651162791,14.404761904761905,16.38095238095238,111388,Vacancy,Verdant
111390,30,78,1110,37.0,63,16,1192,39.733333333333334,59,19,0.9312080536912751,14.23076923076923,15.282051282051283,111390,Girafffe,Verdant
111392,5,13,193,38.6,53,30,203,40.6,50,29,0.9507389162561576,14.846153846153847,15.615384615384615,111392,innocent,Rebels Gaming
111394,5,13,206,41.2,65,22,213,42.6,57,31,0.9671361502347418,15.846153846153847,16.384615384615383,111394,casey,Rebels Gaming
111396,5,13,202,40.4,53,32,196,39.2,53,25,1.030612244897959,15.538461538461538,15.076923076923077,111396,kisserek,Rebels Gaming
111398,5,13,195,39.0,45,32,202,40.4,53,27,0.9653465346534653,15.0,15.538461538461538,111398,flayyy,Rebels Gaming
111400,5,13,185,37.0,47,26,204,40.8,59,25,0.9068627450980392,14.23076923076923,15.692307692307692,111400,olimp,Rebels Gaming
111404,23,55,731,31.782608695652176,58,18,798,34.69565217391305,64,23,0.9160401002506265,13.290909090909091,14.50909090909091,111404,ex1st,Anonymo
111406,16,37,564,35.25,83,16,530,33.125,66,13,1.0641509433962264,15.243243243243244,14.324324324324325,111406,U10m3k,Haspers Team
111408,33,77,1129,34.21212121212121,60,20,1049,31.78787878787879,63,17,1.0762631077216396,14.662337662337663,13.623376623376624,111408,fr3nd,Permitta
111411,17,39,545,32.05882352941177,54,17,554,32.588235294117645,67,17,0.983754512635379,13.974358974358974,14.205128205128204,111411,l3abaYaga,Haspers Team
111434,14,33,440,31.428571428571427,51,15,440,31.428571428571427,53,10,1.0,13.333333333333334,13.333333333333334,111434,RenanZin,MIBR Academy
111440,11,24,325,29.545454545454547,45,8,357,32.45454545454545,55,10,0.9103641456582633,13.541666666666666,14.875,111440,hoax,Sharks
111442,4,9,96,24.0,28,18,118,29.5,38,15,0.8135593220338984,10.666666666666666,13.11111111111111,111442,ninjaZ,Galorys
111444,4,9,152,38.0,45,32,126,31.5,44,18,1.2063492063492063,16.88888888888889,14.0,111444,tomate,Galorys
111446,3,7,105,35.0,40,31,91,30.333333333333332,35,26,1.1538461538461537,15.0,13.0,111446,detr0ittj,Galorys
111448,4,9,127,31.75,52,24,133,33.25,49,27,0.9548872180451128,14.11111111111111,14.777777777777779,111448,happ,Nitro
111458,8,19,321,40.125,63,25,283,35.375,55,17,1.1342756183745584,16.894736842105264,14.894736842105264,111458,diozera,MIBR Academy
111471,4,9,122,30.5,41,20,113,28.25,38,23,1.079646017699115,13.555555555555555,12.555555555555555,111471,xns,Players
111477,9,21,248,27.555555555555557,40,15,300,33.333333333333336,50,20,0.8266666666666667,11.80952380952381,14.285714285714286,111477,㉑ PremiuM,Yawara Esports
111479,14,31,541,38.642857142857146,69,7,489,34.92857142857143,59,10,1.1063394683026584,17.451612903225808,15.774193548387096,111479,doc,Sharks
111481,14,31,474,33.857142857142854,72,11,438,31.285714285714285,49,8,1.082191780821918,15.290322580645162,14.129032258064516,111481,gafolo,Sharks
111483,14,31,438,31.285714285714285,48,6,463,33.07142857142857,56,7,0.9460043196544277,14.129032258064516,14.935483870967742,111483,rdn,Sharks
111485,14,31,513,36.642857142857146,70,10,446,31.857142857142858,51,7,1.1502242152466369,16.548387096774192,14.387096774193548,111485,koala,Sharks
111487,4,9,129,32.25,41,21,128,32.0,53,20,1.0078125,14.333333333333334,14.222222222222221,111487,pepe,Sharks
111489,5,10,148,29.6,45,18,135,27.0,46,12,1.0962962962962963,14.8,13.5,111489,ALLE,Solid
111491,7,16,217,31.0,47,21,197,28.142857142857142,44,22,1.101522842639594,13.5625,12.3125,111491,lcm,Sensei
111493,5,10,134,26.8,36,17,141,28.2,50,15,0.950354609929078,13.4,14.1,111493,destiny,Solid
111495,4,9,138,34.5,45,28,119,29.75,37,14,1.1596638655462186,15.333333333333334,13.222222222222221,111495,xureba,Galorys
111497,5,10,134,26.8,49,10,137,27.4,49,15,0.9781021897810219,13.4,13.7,111497,gbb,Solid
111520,15,34,463,30.866666666666667,49,15,520,34.666666666666664,51,16,0.8903846153846153,13.617647058823529,15.294117647058824,111520,raalz,9INE
111522,15,34,534,35.6,51,17,465,31.0,52,15,1.1483870967741936,15.705882352941176,13.676470588235293,111522,mantuu,9INE
111524,15,34,553,36.86666666666667,58,15,469,31.266666666666666,50,18,1.1791044776119404,16.264705882352942,13.794117647058824,111524,refrezh,9INE
111526,15,34,530,35.333333333333336,50,21,540,36.0,58,17,0.9814814814814815,15.588235294117647,15.882352941176471,111526,misutaaa,9INE
111528,15,34,514,34.266666666666666,45,16,523,34.86666666666667,60,18,0.982791586998088,15.117647058823529,15.382352941176471,111528,s0und,9INE
111557,25,58,739,29.56,54,16,859,34.36,58,21,0.860302677532014,12.741379310344827,14.810344827586206,111557,MiGHTYMAX,ENDPOINT
111558,25,58,825,33.0,48,16,819,32.76,48,19,1.0073260073260073,14.224137931034482,14.120689655172415,111558,Surreal^,ENDPOINT
111560,25,58,910,36.4,60,12,854,34.16,53,20,1.0655737704918034,15.689655172413794,14.724137931034482,111560,cej0t,ENDPOINT
111562,25,58,869,34.76,60,20,824,32.96,51,21,1.0546116504854368,14.982758620689655,14.206896551724139,111562,CRUC1AL,ENDPOINT
111564,25,58,891,35.64,61,13,878,35.12,53,22,1.0148063781321184,15.362068965517242,15.137931034482758,111564,AZUWU,ENDPOINT
111591,9,24,334,37.111111111111114,51,19,369,41.0,50,27,0.9051490514905149,13.916666666666666,15.375,111591,yepz,Case
111593,9,24,293,32.55555555555556,52,15,402,44.666666666666664,59,34,0.7288557213930348,12.208333333333334,16.75,111593,RICIOLI,Case
111595,9,24,353,39.22222222222222,58,25,388,43.111111111111114,55,27,0.9097938144329897,14.708333333333334,16.166666666666668,111595,nyezin,Case
111597,9,24,414,46.0,69,22,384,42.666666666666664,58,32,1.078125,17.25,16.0,111597,urban0,Case
111599,0,0,0,0.0,0,0,0,0.0,0,0,0.0,0.0,0.0,111599,paqueta,Case
111631,48,121,1711,35.645833333333336,67,17,1756,36.583333333333336,53,15,0.974373576309795,14.140495867768594,14.512396694214877,111631,maaryy,Permitta
111632,48,121,1902,39.625,59,15,1919,39.979166666666664,62,19,0.9911412193850964,15.71900826446281,15.859504132231406,111632,tomiko,Permitta
111634,48,121,1555,32.395833333333336,59,17,1946,40.541666666666664,63,19,0.7990750256937307,12.851239669421487,16.082644628099175,111634,masked,Permitta
111636,48,121,1892,39.416666666666664,66,18,1848,38.5,59,19,1.0238095238095237,15.636363636363637,15.272727272727273,111636,bnox,Permitta
111639,30,78,1161,38.7,62,20,1138,37.93333333333333,52,20,1.0202108963093146,14.884615384615385,14.58974358974359,111639,FpSSS,INSILIO
111641,30,78,1303,43.43333333333333,61,22,1126,37.53333333333333,53,18,1.1571936056838366,16.705128205128204,14.435897435897436,111641,sugaR,INSILIO
111642,25,65,990,39.6,59,26,985,39.4,55,18,1.0050761421319796,15.23076923076923,15.153846153846153,111642,Polt,INSILIO
111643,30,78,1096,36.53333333333333,59,19,1186,39.53333333333333,53,22,0.924114671163575,14.051282051282051,15.205128205128204,111643,faydett,INSILIO
111645,30,78,1217,40.56666666666667,64,20,1185,39.5,54,25,1.0270042194092828,15.602564102564102,15.192307692307692,111645,Pipw,INSILIO
111647,34,81,1243,36.55882352941177,68,12,1256,36.94117647058823,66,24,0.9896496815286624,15.345679012345679,15.506172839506172,111647,Beccie,Preasy Esports
111649,34,81,1085,31.91176470588235,63,13,1341,39.44117647058823,66,26,0.8090976882923192,13.395061728395062,16.555555555555557,111649,Equip,Preasy Esports
111651,0,0,0,0.0,0,0,0,0.0,0,0,0.0,0.0,0.0,111651,VireZ,Preasy Esports
111653,4,9,135,33.75,46,20,140,35.0,50,28,0.9642857142857143,15.0,15.555555555555555,111653,skejs,Preasy Esports
111784,18,44,682,37.888888888888886,73,22,659,36.611111111111114,55,18,1.0349013657056145,15.5,14.977272727272727,111784,M1key,Team OG
111786,28,66,959,34.25,50,19,925,33.035714285714285,47,9,1.0367567567567568,14.530303030303031,14.015151515151516,111786,Maarkoos,Haspers Team
111788,34,81,1206,35.470588235294116,57,14,1224,36.0,52,21,0.9852941176470589,14.88888888888889,15.11111111111111,111788,kadziju,Illuminar gaming
111790,33,78,1052,31.87878787878788,56,9,1293,39.18181818181818,58,25,0.8136117556071152,13.487179487179487,16.576923076923077,111790,Furlan,Illuminar gaming
111792,34,81,1288,37.88235294117647,70,14,1245,36.61764705882353,52,22,1.0345381526104418,15.901234567901234,15.37037037037037,111792,b1elany :p,Illuminar gaming
111794,7,16,250,35.714285714285715,61,24,259,37.0,50,25,0.9652509652509652,15.625,16.1875,111794,✓ ★ ⑳ hugadas,paiN Academy
111796,11,26,405,36.81818181818182,55,22,407,37.0,49,20,0.995085995085995,15.576923076923077,15.653846153846153,111796,Tatu,paiN Academy
111797,7,14,236,33.714285714285715,63,13,178,25.428571428571427,43,14,1.3258426966292134,16.857142857142858,12.714285714285714,111797,Misfit,Solid
111799,11,26,434,39.45454545454545,65,28,369,33.54545454545455,50,19,1.1761517615176151,16.692307692307693,14.192307692307692,111799,deemO,paiN Academy
111946,30,72,925,30.833333333333332,55,18,1173,39.1,67,25,0.7885763000852515,12.847222222222221,16.291666666666668,111946,AcilioN,Preasy Esports
111998,33,79,1135,34.39393939393939,64,9,1208,36.60606060606061,52,25,0.9395695364238411,14.367088607594937,15.291139240506329,111998,phr,Illuminar gaming
112002,28,68,945,33.75,61,17,976,34.857142857142854,56,14,0.9682377049180327,13.897058823529411,14.352941176470589,112002,SELLTER,GUN5
112004,26,63,1064,40.92307692307692,74,22,944,36.30769230769231,58,19,1.1271186440677967,16.88888888888889,14.984126984126984,112004,xiELO-,GUN5
112006,0,0,0,0.0,0,0,0,0.0,0,0,0.0,0.0,0.0,112006,FinigaN,GUN5
112008,26,63,912,35.07692307692308,62,14,817,31.423076923076923,54,12,1.1162790697674418,14.476190476190476,12.968253968253968,112008,easy,GUN5
112010,25,60,1024,40.96,73,26,832,33.28,51,16,1.2307692307692308,17.066666666666666,13.866666666666667,112010,tN1R,GUN5
112012,48,118,1763,36.729166666666664,62,13,1749,36.4375,64,22,1.0080045740423098,14.940677966101696,14.822033898305085,112012,szejn',Copenhagen Wolves
112014,18,42,575,31.944444444444443,58,16,650,36.111111111111114,58,22,0.8846153846153846,13.69047619047619,15.476190476190476,112014,sense,Copenhagen Wolves
112016,39,96,1485,38.07692307692308,69,15,1494,38.30769230769231,66,20,0.9939759036144579,15.46875,15.5625,112016,Fessor,Copenhagen Wolves
112018,48,118,1596,33.25,60,14,1729,36.020833333333336,63,18,0.9230769230769231,13.525423728813559,14.652542372881356,112018,Tapewaare,Copenhagen Wolves
112020,15,33,481,32.06666666666667,64,22,476,31.733333333333334,49,14,1.0105042016806722,14.575757575757576,14.424242424242424,112020,j0w_.,Yawara Esports
112022,15,33,508,33.86666666666667,59,24,431,28.733333333333334,43,12,1.1786542923433874,15.393939393939394,13.06060606060606,112022,lash,Yawara Esports
112024,15,33,400,26.666666666666668,41,11,518,34.53333333333333,54,19,0.7722007722007722,12.121212121212121,15.696969696969697,112024,stax,Yawara Esports
112026,0,0,0,0.0,0,0,0,0.0,0,0,0.0,0.0,0.0,112026,ritz,Yawara Esports
112028,15,33,422,28.133333333333333,44,13,469,31.266666666666666,49,16,0.8997867803837953,12.787878787878787,14.212121212121213,112028,revoltz,Yawara Esports
112084,29,71,862,29.724137931034484,59,9,1067,36.793103448275865,56,21,0.8078725398313027,12.140845070422536,15.028169014084508,112084,beastik,SINNERS Esports
112085,29,71,1023,35.275862068965516,64,14,1113,38.37931034482759,58,16,0.9191374663072777,14.408450704225352,15.67605633802817,112085,MoriiSko,SINNERS Esports
112087,29,71,1224,42.206896551724135,74,19,994,34.275862068965516,54,19,1.2313883299798793,17.239436619718308,14.0,112087,oskar,SINNERS Esports
112089,29,71,1041,35.89655172413793,70,15,1006,34.689655172413794,53,18,1.0347912524850895,14.661971830985916,14.169014084507042,112089,SHOCK,SINNERS Esports
112091,29,71,994,34.275862068965516,54,18,1137,39.206896551724135,60,23,0.8742304309586632,14.0,16.014084507042252,112091,majky,SINNERS Esports
112095,7,15,273,39.0,67,29,269,38.42857142857143,67,28,1.0148698884758365,18.2,17.933333333333334,112095,Jackinho,Lilmix
112103,20,50,666,33.3,56,15,752,37.6,62,22,0.8856382978723404,13.32,15.04,112103,sAvana1,SAMPI
112105,20,50,733,36.65,55,16,773,38.65,58,24,0.9482535575679172,14.66,15.46,112105,manguss,SAMPI
112106,20,50,619,30.95,66,13,772,38.6,59,21,0.8018134715025906,12.38,15.44,112106,The eLiVe,SAMPI
112108,20,50,736,36.8,72,14,787,39.35,63,26,0.9351969504447268,14.72,15.74,112108,ZEDKO,SAMPI
112110,20,50,745,37.25,62,13,729,36.45,60,23,1.0219478737997256,14.9,14.58,112110,fino,SAMPI
112140,3,3,56,18.666666666666668,24,15,53,17.666666666666668,21,15,1.0566037735849056,18.666666666666668,17.666666666666668,112140,MTGG,America Esports
112192,18,43,698,38.77777777777778,64,17,728,40.44444444444444,54,22,0.9587912087912088,16.232558139534884,16.930232558139537,112192,juanflatroo,Into The Breach
112194,18,43,584,32.44444444444444,54,16,675,37.5,51,17,0.8651851851851852,13.581395348837209,15.69767441860465,112194,Keoz,Into The Breach
112196,0,0,0,0.0,0,0,0,0.0,0,0,0.0,0.0,0.0,112196,BOROS,Into The Breach
112198,18,43,627,34.833333333333336,66,17,680,37.77777777777778,55,23,0.9220588235294118,14.581395348837209,15.813953488372093,112198,sinnopsyy =DD,Into The Breach
112200,18,43,723,40.166666666666664,66,20,600,33.333333333333336,44,14,1.205,16.813953488372093,13.953488372093023,112200,smooya,Into The Breach
112208,33,79,1207,36.57575757575758,65,13,1178,35.696969696969695,63,23,1.0246179966044142,15.278481012658228,14.91139240506329,112208,JBOEN,Preasy Esports
112226,2,4,44,22.0,23,21,57,28.5,32,25,0.7719298245614035,11.0,14.25,112226,bevve,Verdant
112230,11,27,356,32.36363636363637,53,15,414,37.63636363636363,52,17,0.8599033816425121,13.185185185185185,15.333333333333334,112230,leaf,Verdant
112237,27,66,1005,37.22222222222222,69,20,1086,40.22222222222222,62,22,0.925414364640884,15.227272727272727,16.454545454545453,112237,kiR,Astralis Talent
112239,27,66,984,36.44444444444444,71,16,983,36.407407407407405,60,20,1.0010172939979654,14.909090909090908,14.893939393939394,112239,ANSG1,Astralis Talent
112241,27,66,984,36.44444444444444,57,16,1110,41.111111111111114,67,20,0.8864864864864865,14.909090909090908,16.818181818181817,112241,kroK,Astralis Talent
112243,3,3,36,12.0,15,8,40,13.333333333333334,15,12,0.9,12.0,13.333333333333334,112243,bruninhocs_,Bounty Hunters
112361,10,20,289,28.9,52,16,275,27.5,49,9,1.050909090909091,14.45,13.75,112361,arT,Fluxo
112365,3,8,131,43.666666666666664,58,35,94,31.333333333333332,39,20,1.3936170212765957,16.375,11.75,112365,chayJESUS,Tropa do Taco
112367,10,20,252,25.2,40,5,249,24.9,45,8,1.0120481927710843,12.6,12.45,112367,nicks,Fluxo
112369,10,20,292,29.2,41,12,234,23.4,43,8,1.2478632478632479,14.6,11.7,112369,zevy,Fluxo
112414,40,93,1473,36.825,68,0,1414,35.35,59,1,1.0417256011315417,15.838709677419354,15.204301075268818,112414,drac,GenOne
112416,40,93,1128,28.2,43,2,1451,36.275,66,1,0.777394900068918,12.129032258064516,15.602150537634408,112416,devoduvek力,GenOne
112418,40,93,1436,35.9,70,3,1447,36.175,64,0,0.9923980649619903,15.440860215053764,15.559139784946236,112418,Brooxsy,GenOne
112420,10,24,308,30.8,46,17,383,38.3,54,25,0.804177545691906,12.833333333333334,15.958333333333334,112420,unshaarK,GenOne
112422,39,92,1740,44.61538461538461,79,1,1268,32.51282051282051,55,0,1.3722397476340693,18.91304347826087,13.782608695652174,112422,KursySSJ4,GenOne
112432,17,42,656,38.588235294117645,59,16,662,38.94117647058823,64,21,0.9909365558912386,15.619047619047619,15.761904761904763,112432,MAGILA-,Copenhagen Wolves
112446,18,42,746,41.44444444444444,62,28,665,36.94444444444444,61,19,1.1218045112781956,17.761904761904763,15.833333333333334,112446,oopee,HEIMO
112514,11,26,365,33.18181818181818,59,19,400,36.36363636363637,50,20,0.9125,14.038461538461538,15.384615384615385,112514,Legy,paiN Academy
112641,11,24,385,35.0,48,19,337,30.636363636363637,51,12,1.142433234421365,16.041666666666668,14.041666666666666,112641,short,Bad News Chickens
112643,11,24,378,34.36363636363637,54,17,328,29.818181818181817,49,13,1.1524390243902438,15.75,13.666666666666666,112643,alisson,Bad News Chickens
112646,11,24,362,32.90909090909091,52,6,313,28.454545454545453,48,12,1.156549520766773,15.083333333333334,13.041666666666666,112646,skr,Bad News Chickens
112648,11,24,415,37.72727272727273,62,13,311,28.272727272727273,51,9,1.3344051446945338,17.291666666666668,12.958333333333334,112648,desh,Bad News Chickens
112715,8,21,300,37.5,49,28,344,43.0,52,26,0.872093023255814,14.285714285714286,16.38095238095238,112715,Chr1zN,Team OG
112768,0,0,0,0.0,0,0,0,0.0,0,0,0.0,0.0,0.0,112768,✓ ★ ㉑ wallz1k,Sensei
112770,0,0,0,0.0,0,0,0,0.0,0,0,0.0,0.0,0.0,112770,TEKO,Sensei
112772,0,0,0,0.0,0,0,0,0.0,0,0,0.0,0.0,0.0,112772,will1ZERA,Sensei
112774,0,0,0,0.0,0,0,0,0.0,0,0,0.0,0.0,0.0,112774,CloN7,Sensei
112776,0,0,0,0.0,0,0,0,0.0,0,0,0.0,0.0,0.0,112776,santos,Sensei
112780,10,25,332,33.2,50,12,331,33.1,49,18,1.0030211480362539,13.28,13.24,112780,prt,Game Hunters
112784,3,3,62,20.666666666666668,33,9,63,21.0,30,16,0.9841269841269841,20.666666666666668,21.0,112784,antonini-,America Esports
112786,4,11,155,38.75,54,26,143,35.75,52,25,1.083916083916084,14.090909090909092,13.0,112786,pedrinzy,Game Hunters
112857,6,14,131,21.833333333333332,33,13,217,36.166666666666664,54,19,0.6036866359447005,9.357142857142858,15.5,112857,refraction,Purple Haze
112859,27,73,1233,45.666666666666664,63,26,1087,40.25925925925926,73,21,1.1343146274149034,16.89041095890411,14.89041095890411,112859,Blytz,ECLOT
112861,28,76,1155,41.25,84,13,944,33.714285714285715,55,16,1.2235169491525424,15.197368421052632,12.421052631578947,112861,forsyy,ECLOT
112863,28,76,1010,36.07142857142857,57,20,1104,39.42857142857143,71,19,0.9148550724637681,13.289473684210526,14.526315789473685,112863,kreaz,ECLOT
112865,27,73,1111,41.148148148148145,68,21,1035,38.333333333333336,63,19,1.0734299516908212,15.219178082191782,14.178082191780822,112865,nbqq,ECLOT
112867,27,73,1101,40.77777777777778,63,22,1057,39.148148148148145,64,20,1.04162724692526,15.082191780821917,14.479452054794521,112867,Dytor,ECLOT
112869,49,121,1850,37.755102040816325,78,12,1863,38.02040816326531,65,16,0.9930220075147611,15.289256198347108,15.396694214876034,112869,n1Xen,ECSTATIC
112871,48,118,1770,36.875,61,13,1856,38.666666666666664,62,16,0.9536637931034483,15.0,15.728813559322035,112871,Kristou,ECSTATIC
112873,49,121,1898,38.734693877551024,71,19,1938,39.55102040816327,68,15,0.9793601651186791,15.685950413223141,16.016528925619834,112873,Anlelele,ECSTATIC
112875,49,121,1779,36.30612244897959,67,14,1800,36.734693877551024,65,14,0.9883333333333333,14.702479338842975,14.87603305785124,112875,nut nut,ECSTATIC
113080,0,0,0,0.0,0,0,0,0.0,0,0,0.0,0.0,0.0,113080,Ducky,Viperio
113082,24,61,888,37.0,63,16,920,38.333333333333336,71,16,0.9652173913043478,14.557377049180328,15.081967213114755,113082,SKRiMO,Viperio
113083,24,60,815,33.958333333333336,56,8,876,36.5,64,16,0.930365296803653,13.583333333333334,14.6,113083,zodi,Viperio
113085,8,21,313,39.125,59,20,305,38.125,61,16,1.0262295081967212,14.904761904761905,14.523809523809524,113085,AwaykeN-,Viperio
113087,46,113,1607,34.93478260869565,64,18,1494,32.47826086956522,54,13,1.0756358768406962,14.221238938053098,13.221238938053098,113087,dem0n,Navi Junior
113089,47,114,1822,38.765957446808514,66,12,1688,35.91489361702128,52,11,1.0793838862559242,15.982456140350877,14.807017543859649,113089,Krabeni,Navi Junior
113091,47,114,1880,40.0,60,12,1701,36.191489361702125,58,10,1.1052322163433275,16.49122807017544,14.921052631578947,113091,Makazz3,Navi Junior
113092,47,114,1665,35.42553191489362,64,13,1495,31.80851063829787,57,10,1.1137123745819397,14.605263157894736,13.114035087719298,113092,cmtry,Navi Junior
113173,0,0,0,0.0,0,0,0,0.0,0,0,0.0,0.0,0.0,113173,nickwrld,Yawara Esports
113210,34,79,1171,34.44117647058823,57,4,1118,32.88235294117647,60,2,1.0474060822898033,14.822784810126583,14.151898734177216,113210,jACKZ,GenOne
113216,38,96,1462,38.473684210526315,66,20,1296,34.10526315789474,58,17,1.1280864197530864,15.229166666666666,13.5,113216,eraa^,Copenhagen Wolves
113237,3,6,54,18.0,26,12,90,30.0,32,27,0.6,9.0,15.0,113237,zhoki,Bestia Academy
113239,7,18,251,35.857142857142854,48,22,289,41.285714285714285,57,31,0.8685121107266436,13.944444444444445,16.055555555555557,113239,⑳ tutehen,VeloX
113241,7,18,286,40.857142857142854,63,25,275,39.285714285714285,61,26,1.04,15.88888888888889,15.277777777777779,113241,★ ⑳ JonY BoY,VeloX
113243,7,18,277,39.57142857142857,61,23,287,41.0,62,29,0.9651567944250871,15.38888888888889,15.944444444444445,113243,★ ⑳ nbl,VeloX
113245,7,18,265,37.857142857142854,57,12,271,38.714285714285715,56,28,0.977859778597786,14.722222222222221,15.055555555555555,113245,★ ⑳ toto-m,VeloX
113247,7,18,259,37.0,45,23,288,41.142857142857146,60,25,0.8993055555555556,14.38888888888889,16.0,113247,✓ ★ ⑳ max,VeloX
113274,15,34,526,35.06666666666667,52,15,460,30.666666666666668,52,15,1.1434782608695653,15.470588235294118,13.529411764705882,113274,perez,Sensei
113370,3,7,85,28.333333333333332,36,14,98,32.666666666666664,40,27,0.8673469387755102,12.142857142857142,14.0,113370,tOPZ,Preasy Esports
113425,10,26,423,42.3,94,15,417,41.7,85,29,1.014388489208633,16.26923076923077,16.03846153846154,113425,pavv+,LA CHAMPIONS LIGA
113427,10,26,394,39.4,92,20,418,41.8,82,26,0.9425837320574163,15.153846153846153,16.076923076923077,113427,rzk,LA CHAMPIONS LIGA
113429,6,16,190,31.666666666666668,65,16,272,45.333333333333336,91,30,0.6985294117647058,11.875,17.0,113429,castrz,LA CHAMPIONS LIGA
113431,10,26,382,38.2,80,20,384,38.4,78,28,0.9947916666666666,14.692307692307692,14.76923076923077,113431,Hezz,LA CHAMPIONS LIGA
113433,10,26,380,38.0,89,13,401,40.1,81,26,0.9476309226932669,14.615384615384615,15.423076923076923,113433,dott1,LA CHAMPIONS LIGA
113492,7,17,217,31.0,39,22,233,33.285714285714285,47,10,0.9313304721030042,12.764705882352942,13.705882352941176,113492,lealziNho,JOGA DE TERNO
113494,8,19,255,31.875,47,20,261,32.625,44,15,0.9770114942528736,13.421052631578947,13.736842105263158,113494,✓ ★ ⑳ Brnz1k,JOGA DE TERNO
113496,8,19,202,25.25,41,16,274,34.25,49,20,0.7372262773722628,10.631578947368421,14.421052631578947,113496,✓ ★ ⑳ Lukita_fps,JOGA DE TERNO
113498,7,17,254,36.285714285714285,49,22,237,33.857142857142854,46,13,1.0717299578059072,14.941176470588236,13.941176470588236,113498,swarmyzz,JOGA DE TERNO
113500,8,19,243,30.375,48,18,284,35.5,51,17,0.8556338028169014,12.789473684210526,14.947368421052632,113500,✓ ★ ⑳ -Sakamoto,JOGA DE TERNO
113549,0,0,0,0.0,0,0,0,0.0,0,0,0.0,0.0,0.0,113549,alexsomfan,Astralis Talent
113591,4,10,129,32.25,50,22,157,39.25,54,26,0.821656050955414,12.9,15.7,113591,Xant3r,GUN5
113652,22,53,782,35.54545454545455,66,17,729,33.13636363636363,54,16,1.0727023319615911,14.754716981132075,13.754716981132075,113652,Sdaim,GUN5
113674,18,43,673,37.388888888888886,53,12,588,32.666666666666664,46,13,1.1445578231292517,15.651162790697674,13.674418604651162,113674,REDSTAR------,Into The Breach
113703,2,5,0,0.0,0,0,8,4.0,6,2,0.0,0.0,1.6,113703,[COACH] ★ ⑮ kMACH1NE,VeloX
113727,0,0,0,0.0,0,0,0,0.0,0,0,0.0,0.0,0.0,113727,h4rn,Copenhagen Wolves
113740,22,53,731,33.22727272727273,56,18,805,36.59090909090909,49,21,0.9080745341614906,13.79245283018868,15.18867924528302,113740,teme,ENCE Academy
113742,22,53,807,36.68181818181818,52,15,818,37.18181818181818,49,19,0.9865525672371638,15.226415094339623,15.433962264150944,113742,mylbert8d,ENCE Academy
113744,22,53,654,29.727272727272727,49,11,773,35.13636363636363,50,20,0.8460543337645536,12.339622641509434,14.584905660377359,113744,millert,ENCE Academy
113862,0,0,0,0.0,0,0,0,0.0,0,0,0.0,0.0,0.0,113862,lollipop21k,Into The Breach
114011,48,115,1567,32.645833333333336,61,14,1508,31.416666666666668,60,13,1.0391246684350133,13.626086956521739,13.11304347826087,114011,bondik,Favbet Team
114013,49,117,1674,34.16326530612245,62,14,1626,33.183673469387756,65,13,1.029520295202952,14.307692307692308,13.897435897435898,114013,Smash,Favbet Team
114015,49,117,1780,36.326530612244895,67,12,1781,36.3469387755102,66,18,0.9994385176866929,15.213675213675213,15.222222222222221,114015,Marix,Favbet Team
114017,49,117,1944,39.673469387755105,67,13,1738,35.46938775510204,70,14,1.1185270425776754,16.615384615384617,14.854700854700855,114017,j3kie,Favbet Team
114019,48,115,1590,33.125,59,15,1443,30.0625,61,10,1.1018711018711018,13.826086956521738,12.547826086956523,114019,t3ns1on,Favbet Team
114107,15,34,490,32.666666666666664,54,11,530,35.333333333333336,50,18,0.9245283018867925,14.411764705882353,15.588235294117647,114107,Enzo,Anonymo
114109,28,67,962,34.357142857142854,50,7,1046,37.357142857142854,53,16,0.9196940726577438,14.35820895522388,15.611940298507463,114109,-Nami,Anonymo
114111,28,67,780,27.857142857142858,50,10,1089,38.892857142857146,57,17,0.7162534435261708,11.64179104477612,16.253731343283583,114111,gwachkuar,Anonymo
114113,1,2,0,0.0,0,0,0,0.0,0,0,0.0,0.0,0.0,114113,smooho lft,Anonymo
114115,18,42,644,35.77777777777778,60,10,630,35.0,47,11,1.0222222222222221,15.333333333333334,15.0,114115,yvro,Anonymo
114117,23,56,757,32.91304347826087,62,14,899,39.08695652173913,63,17,0.8420467185761957,13.517857142857142,16.053571428571427,114117,TMB,ECSTATIC
114126,22,52,797,36.22727272727273,57,9,827,37.59090909090909,63,8,0.9637243047158404,15.326923076923077,15.903846153846153,114126,aNdu,Copenhagen Wolves
114182,14,37,574,41.0,69,24,523,37.357142857142854,54,22,1.0975143403441683,15.513513513513514,14.135135135135135,114182,Lucky,3DMAX
114184,14,37,635,45.357142857142854,60,27,531,37.92857142857143,49,23,1.1958568738229756,17.16216216216216,14.35135135135135,114184,Maka,3DMAX
114186,14,37,526,37.57142857142857,52,20,626,44.714285714285715,57,30,0.8402555910543131,14.216216216216216,16.91891891891892,114186,Djoko,3DMAX
114188,14,37,550,39.285714285714285,61,21,549,39.214285714285715,53,21,1.0018214936247722,14.864864864864865,14.837837837837839,114188,Ex3rcice,3DMAX
114190,14,37,558,39.857142857142854,75,25,576,41.142857142857146,56,27,0.96875,15.08108108108108,15.567567567567568,114190,Graviti,3DMAX
114342,115,276,3447,29.973913043478262,72,8,4226,36.74782608695652,65,16,0.8156649313771889,12.48913043478261,15.31159420289855,114342,fiR3,REMBAZA
114368,6,14,172,28.666666666666668,43,9,200,33.333333333333336,51,19,0.86,12.285714285714286,14.285714285714286,114368,Maluk3,Sensei
114373,5,12,70,14.0,24,5,86,17.2,33,7,0.813953488372093,5.833333333333333,7.166666666666667,114373,guthriee,Favbet Team
114377,9,20,265,29.444444444444443,46,22,310,34.44444444444444,57,22,0.8548387096774194,13.25,15.5,114377,dzt,Players
114378,9,20,350,38.888888888888886,51,26,297,33.0,53,18,1.1784511784511784,17.5,14.85,114378,spinnie,Players
114380,1,2,27,27.0,27,27,22,22.0,22,22,1.2272727272727273,13.5,11.0,114380,s1cko,Players
114382,9,20,311,34.55555555555556,54,24,313,34.77777777777778,57,19,0.9936102236421726,15.55,15.65,114382,dok,Players
114384,9,20,294,32.666666666666664,44,19,270,30.0,45,16,1.0888888888888888,14.7,13.5,114384,mithputtini,Players
114396,1,1,5,5.0,5,5,17,17.0,17,17,0.29411764705882354,5.0,17.0,114396,Sandraum,Nitro
114398,8,21,355,44.375,66,18,281,35.125,50,18,1.2633451957295374,16.904761904761905,13.380952380952381,114398,abr,Game Hunters
114400,8,19,223,27.875,44,14,287,35.875,52,15,0.7770034843205574,11.736842105263158,15.105263157894736,114400,leleo,Nitro
114402,4,10,159,39.75,51,17,168,42.0,56,18,0.9464285714285714,15.9,16.8,114402,cerol,Nitro
114404,8,19,275,34.375,54,8,302,37.75,56,16,0.9105960264900662,14.473684210526315,15.894736842105264,114404,nolkz,Nitro
114415,7,18,283,40.42857142857143,66,17,257,36.714285714285715,47,27,1.1011673151750974,15.722222222222221,14.277777777777779,114415,beg0d,Nitro
114445,9,23,363,40.333333333333336,56,25,337,37.44444444444444,47,28,1.0771513353115727,15.782608695652174,14.652173913043478,114445,Melavi,Anonymo
114447,8,20,287,35.875,53,20,305,38.125,54,26,0.940983606557377,14.35,15.25,114447,Lich,Game Hunters
114522,1,3,31,31.0,31,31,39,39.0,39,39,0.7948717948717948,10.333333333333334,13.0,114522,J3NSYY❤:v,ECSTATIC
114642,12,31,421,35.083333333333336,48,20,499,41.583333333333336,57,29,0.843687374749499,13.580645161290322,16.096774193548388,114642,morelz,Anonymo
114677,5,11,160,32.0,39,26,159,31.8,38,29,1.0062893081761006,14.545454545454545,14.454545454545455,114677,woozzzi,ECLOT
114718,5,13,129,25.8,44,12,208,41.6,52,30,0.6201923076923077,9.923076923076923,16.0,114718,relentless,ShindeN
114753,2,5,65,32.5,41,24,76,38.0,50,26,0.8552631578947368,13.0,15.2,114753,Nexius,Team OG
114755,8,21,342,42.75,68,30,310,38.75,47,23,1.103225806451613,16.285714285714285,14.761904761904763,114755,Buzz,Team OG
114757,8,21,340,42.5,49,30,296,37.0,49,28,1.1486486486486487,16.19047619047619,14.095238095238095,114757,F1KU,Team OG
114759,8,21,306,38.25,59,23,263,32.875,47,19,1.1634980988593155,14.571428571428571,12.523809523809524,114759,MoDo,Team OG
114826,19,48,651,34.26315789473684,56,13,732,38.526315789473685,55,26,0.889344262295082,13.5625,15.25,114826,SBT,ADEPTS
114851,10,20,277,27.7,44,8,258,25.8,44,8,1.073643410852713,13.85,12.9,114851,kye,Fluxo
114861,0,0,0,0.0,0,0,0,0.0,0,0,0.0,0.0,0.0,114861,canox-,Illuminar gaming
114863,0,0,0,0.0,0,0,0,0.0,0,0,0.0,0.0,0.0,114863,gramxd,Illuminar gaming
114865,0,0,0,0.0,0,0,0,0.0,0,0,0.0,0.0,0.0,114865,likebro,Illuminar gaming
114866,0,0,0,0.0,0,0,0,0.0,0,0,0.0,0.0,0.0,114866,.elementary,Illuminar gaming
114868,0,0,0,0.0,0,0,0,0.0,0,0,0.0,0.0,0.0,114868,t1v3nbossu,Illuminar gaming
114870,0,0,0,0.0,0,0,0,0.0,0,0,0.0,0.0,0.0,114870,xcon-,Astralis Talent
114871,0,0,0,0.0,0,0,0,0.0,0,0,0.0,0.0,0.0,114871,AB,Astralis Talent
114873,0,0,0,0.0,0,0,0,0.0,0,0,0.0,0.0,0.0,114873,Scr4pi,Astralis Talent
114875,0,0,0,0.0,0,0,0,0.0,0,0,0.0,0.0,0.0,114875,Kaname,Astralis Talent
114876,0,0,0,0.0,0,0,0,0.0,0,0,0.0,0.0,0.0,114876,Hanuman,Astralis Talent
114877,25,63,883,35.32,68,16,923,36.92,67,17,0.9566630552546046,14.015873015873016,14.65079365079365,114877,swicher,Viperio
114879,25,63,924,36.96,70,20,912,36.48,67,18,1.013157894736842,14.666666666666666,14.476190476190476,114879,dezt,Viperio
114930,37,89,1272,34.37837837837838,55,15,1210,32.7027027027027,66,14,1.0512396694214876,14.292134831460674,13.595505617977528,114930,Malkiss ♡,L&G
114932,37,89,1271,34.351351351351354,55,13,1240,33.513513513513516,61,12,1.025,14.280898876404494,13.932584269662922,114932,kr1vda,L&G
114934,37,89,1283,34.67567567567568,65,12,1294,34.972972972972975,68,12,0.991499227202473,14.415730337078651,14.539325842696629,114934,kL1o,L&G
114945,5,10,148,29.6,45,14,142,28.4,50,13,1.0422535211267605,14.8,14.2,114945,drg,Solid
114961,2,6,89,44.5,45,44,82,41.0,47,35,1.0853658536585367,14.833333333333334,13.666666666666666,114961,dgl,Permitta
115021,3,3,47,15.666666666666666,26,7,54,18.0,24,13,0.8703703703703703,15.666666666666666,18.0,115021,nikz_,America Esports
115023,3,3,30,10.0,11,9,49,16.333333333333332,20,14,0.6122448979591837,10.0,16.333333333333332,115023,mtsGOD,America Esports
115027,3,3,56,18.666666666666668,22,16,56,18.666666666666668,23,16,1.0,18.666666666666668,18.666666666666668,115027,thuister,America Esports
115105,1,2,24,24.0,24,24,21,21.0,21,21,1.1428571428571428,12.0,10.5,115105,SHOGU,GenOne
115119,4,8,0,0.0,0,0,8,2.0,2,2,0.0,0.0,1.0,115119,[COACH] ★ ⑪ ner0,Yawara Esports
115150,0,0,0,0.0,0,0,0,0.0,0,0,0.0,0.0,0.0,115150,Rytter,Astralis Talent
115154,5,12,0,0.0,0,0,15,3.0,6,1,0.0,0.0,1.25,115154,[COACH] ✓ ★ ⑳ vivi,MIBR Academy
115156,5,10,136,27.2,37,18,155,31.0,37,28,0.8774193548387097,13.6,15.5,115156,lub9,Sensei
115168,3,7,110,36.666666666666664,42,32,90,30.0,32,27,1.2222222222222223,15.714285714285714,12.857142857142858,115168,StebbiC0C0,DUSTY
115170,2,5,59,29.5,31,28,58,29.0,29,29,1.0172413793103448,11.8,11.6,115170,leFluff,DUSTY
115172,3,7,121,40.333333333333336,56,26,103,34.333333333333336,37,31,1.174757281553398,17.285714285714285,14.714285714285714,115172,Midgard,DUSTY
115174,2,5,54,27.0,28,26,64,32.0,32,32,0.84375,10.8,12.8,115174,T0PAZ-,DUSTY
115176,3,7,101,33.666666666666664,52,24,113,37.666666666666664,42,33,0.8938053097345132,14.428571428571429,16.142857142857142,115176,brnr,DUSTY
115178,4,8,164,41.0,60,23,124,31.0,36,19,1.3225806451612903,20.5,15.5,115178,ofvirkur,Armann
115180,4,8,83,20.75,42,10,127,31.75,38,20,0.6535433070866141,10.375,15.875,115180,7homsen POLO,Armann
115182,4,8,96,24.0,33,14,113,28.25,37,18,0.8495575221238938,12.0,14.125,115182,HEJHEJ_HUNDENE,Armann
115184,4,8,136,34.0,49,19,122,30.5,41,14,1.1147540983606556,17.0,15.25,115184,Guddi,Armann
115186,4,8,88,22.0,36,14,113,28.25,38,13,0.7787610619469026,11.0,14.125,115186,hyperactiive,Armann
115196,2,5,0,0.0,0,0,6,3.0,4,2,0.0,0.0,1.2,115196,[COACH] ✓ ★ ⑳ raiN-,paiN Academy
115642,4,8,125,31.25,42,13,127,31.75,49,21,0.984251968503937,15.625,15.875,115642,peterrr,Þór
115644,2,3,63,31.5,34,29,58,29.0,39,19,1.0862068965517242,21.0,19.333333333333332,115644,allee**,Þór
115646,4,8,127,31.75,43,17,132,33.0,49,20,0.9621212121212122,15.875,16.5,115646,PANDAZ-,Þór
115648,4,8,127,31.75,47,14,119,29.75,48,14,1.0672268907563025,15.875,14.875,115648,Dabbehhh,Þór
115650,3,6,105,35.0,40,31,90,30.0,49,14,1.1666666666666667,17.5,15.0,115650,RavlE,Þór
115760,21,54,737,35.095238095238095,55,15,788,37.523809523809526,61,19,0.9352791878172588,13.648148148148149,14.592592592592593,115760,Sausol,Copenhagen Wolves
115976,5,13,206,41.2,56,24,188,37.6,48,24,1.0957446808510638,15.846153846153847,14.461538461538462,115976,oxygeN,Team 500
116102,11,24,332,30.181818181818183,57,15,308,28.0,46,18,1.077922077922078,13.833333333333334,12.833333333333334,116102,iDISBALANCE,9 Pandas
116103,11,24,338,30.727272727272727,47,9,343,31.181818181818183,55,20,0.9854227405247813,14.083333333333334,14.291666666666666,116103,glowiing,9 Pandas
116105,11,24,372,33.81818181818182,61,26,319,29.0,52,21,1.1661442006269593,15.5,13.291666666666666,116105,r3salt,9 Pandas
116107,11,24,359,32.63636363636363,46,18,313,28.454545454545453,51,17,1.1469648562300319,14.958333333333334,13.041666666666666,116107,shalfey111,9 Pandas
116108,11,24,371,33.72727272727273,65,13,304,27.636363636363637,56,18,1.2203947368421053,15.458333333333334,12.666666666666666,116108,d1Ledez,9 Pandas
116502,17,42,580,34.11764705882353,57,19,576,33.88235294117647,49,21,1.0069444444444444,13.80952380952381,13.714285714285714,116502,shyyne,Viperio
116568,1,1,12,12.0,12,12,15,15.0,15,15,0.8,12.0,15.0,116568,KRL,GenOne
116844,1,2,9,9.0,9,9,15,15.0,15,15,0.6,4.5,7.5,116844,tomkeejs,SINNERS Esports
116979,5,11,121,24.2,39,17,144,28.8,44,16,0.8402777777777778,11.0,13.090909090909092,116979,DOM-,SAGA
116981,5,11,147,29.4,48,11,153,30.6,46,19,0.9607843137254902,13.363636363636363,13.909090909090908,116981,WZRD,SAGA
116983,5,11,139,27.8,33,20,131,26.2,41,17,1.0610687022900764,12.636363636363637,11.909090909090908,116983,Tight-,SAGA
116985,5,11,142,28.4,37,12,154,30.8,42,20,0.922077922077922,12.909090909090908,14.0,116985,Zolo^,SAGA
116987,5,11,136,27.2,35,19,135,27.0,40,18,1.0074074074074073,12.363636363636363,12.272727272727273,116987,ADHD * NATURE VALLEY,SAGA
116996,1,2,18,18.0,18,18,15,15.0,15,15,1.2,9.0,7.5,116996,kfed,SAGA
116998,1,2,11,11.0,11,11,15,15.0,15,15,0.7333333333333333,5.5,7.5,116998,Buck Angel,SAGA
117000,1,2,11,11.0,11,11,13,13.0,13,13,0.8461538461538461,5.5,6.5,117000,Sh4ker,SAGA
117002,1,2,5,5.0,5,5,16,16.0,16,16,0.3125,2.5,8.0,117002,AceGeir,SAGA
117004,1,2,10,10.0,10,10,13,13.0,13,13,0.7692307692307693,5.0,6.5,117004,tiro,SAGA
117162,5,13,221,44.2,59,37,191,38.2,43,30,1.1570680628272252,17.0,14.692307692307692,117162,Rainwaker,Team 500
117164,5,13,186,37.2,53,27,168,33.6,40,22,1.1071428571428572,14.307692307692308,12.923076923076923,117164,CeRq,Team 500
117165,5,13,149,29.8,41,24,188,37.6,50,26,0.7925531914893617,11.461538461538462,14.461538461538462,117165,SPELLAN,Team 500
117167,5,13,201,40.2,60,27,211,42.2,55,28,0.95260663507109,15.461538461538462,16.23076923076923,117167,SHIPZ,Team 500
117363,3,6,79,26.333333333333332,34,22,98,32.666666666666664,34,31,0.8061224489795918,13.166666666666666,16.333333333333332,117363,pandi7o,Viperio
117381,4,5,65,16.25,35,6,73,18.25,35,11,0.8904109589041096,13.0,14.6,117381,meyern1,Bounty Hunters
117395,6,8,123,20.5,36,5,116,19.333333333333332,34,12,1.0603448275862069,15.375,14.5,117395,insan1tyy,Galorys Academy
117397,5,7,98,19.6,30,9,96,19.2,30,13,1.0208333333333333,14.0,13.714285714285714,117397,trindade-,Galorys Academy
117399,6,8,67,11.166666666666666,18,7,125,20.833333333333332,34,14,0.536,8.375,15.625,117399,Kadzz,Galorys Academy
117457,13,32,463,35.61538461538461,63,16,437,33.61538461538461,49,17,1.0594965675057209,14.46875,13.65625,117457,spargo,HEIMO
117470,1,2,29,29.0,29,29,34,34.0,34,34,0.8529411764705882,14.5,17.0,117470,m4tthi,Illuminar gaming
117492,2,3,15,7.5,15,0,24,12.0,22,2,0.625,5.0,8.0,117492,reg1no.O,Galorys
117659,6,13,175,29.166666666666668,44,21,231,38.5,61,30,0.7575757575757576,13.461538461538462,17.76923076923077,117659,quixD,Lilmix
117661,4,9,134,33.5,45,20,162,40.5,63,31,0.8271604938271605,14.88888888888889,18.0,117661,hugoxd,Lilmix
117663,7,15,228,32.57142857142857,66,14,277,39.57142857142857,57,29,0.8231046931407943,15.2,18.466666666666665,117663,bq,Lilmix
117665,7,15,237,33.857142857142854,46,19,286,40.857142857142854,67,28,0.8286713286713286,15.8,19.066666666666666,117665,bsover,Lilmix
117752,2,5,67,33.5,35,32,71,35.5,37,34,0.9436619718309859,13.4,14.2,117752,AdrieN,Permitta
117754,3,6,50,16.666666666666668,24,8,94,31.333333333333332,43,15,0.5319148936170213,8.333333333333334,15.666666666666666,117754,Klameczka,Haspers Team
118152,1,1,5,5.0,5,5,16,16.0,16,16,0.3125,5.0,16.0,118152,coolio,Navi Junior
118285,17,39,581,34.1764705882353,50,17,603,35.470588235294116,55,24,0.9635157545605307,14.897435897435898,15.461538461538462,118285,s1zen,Gameinside
118331,4,8,140,35.0,47,23,143,35.75,41,32,0.9790209790209791,17.5,17.875,118331,fanatyk ☾,DevilsOne
118333,1,2,45,45.0,45,45,37,37.0,37,37,1.2162162162162162,22.5,18.5,118333,LEENAS,Kyoto
118334,2,4,59,29.5,33,26,66,33.0,33,33,0.8939393939393939,14.75,16.5,118334,5tumble,kubixPulse
118335,2,4,64,32.0,42,22,76,38.0,42,34,0.8421052631578947,16.0,19.0,118335,kjuK,Kyoto
118336,2,4,64,32.0,45,19,77,38.5,41,36,0.8311688311688312,16.0,19.25,118336,Frip_,kubixPulse
118337,2,4,70,35.0,41,29,66,33.0,33,33,1.0606060606060606,17.5,16.5,118337,fallingxdd,kubixPulse
118417,2,4,73,36.5,51,22,62,31.0,37,25,1.1774193548387097,18.25,15.5,118417,agoz,Lilmix
118419,1,2,41,41.0,41,41,43,43.0,43,43,0.9534883720930233,20.5,21.5,118419,SeBreeZe,Lilmix
118433,3,7,122,40.666666666666664,44,37,99,33.0,49,17,1.2323232323232323,17.428571428571427,14.142857142857142,118433,tonysalva,Þór
118451,1,3,37,37.0,37,37,49,49.0,49,49,0.7551020408163265,12.333333333333334,16.333333333333332,118451,olik,ECLOT
118720,0,0,0,0.0,0,0,0,0.0,0,0,0.0,0.0,0.0,118720,VIZE,Copenhagen Wolves
118722,5,13,190,38.0,51,31,193,38.6,61,26,0.9844559585492227,14.615384615384615,14.846153846153847,118722,Mzinho,The MongolZ
118724,5,13,218,43.6,68,32,180,36.0,50,27,1.211111111111111,16.76923076923077,13.846153846153847,118724,bLitz,The MongolZ
118726,5,13,168,33.6,46,23,192,38.4,54,28,0.875,12.923076923076923,14.76923076923077,118726,Techno4K,The MongolZ
118727,5,13,170,34.0,48,21,164,32.8,45,19,1.0365853658536586,13.076923076923077,12.615384615384615,118727,910,The MongolZ
118768,4,11,205,51.25,64,32,161,40.25,57,21,1.2732919254658386,18.636363636363637,14.636363636363637,118768,TeSeS,Heroic
118770,4,11,182,45.5,63,28,173,43.25,62,23,1.0520231213872833,16.545454545454547,15.727272727272727,118770,NertZ,Heroic
118772,4,11,142,35.5,51,22,157,39.25,55,20,0.9044585987261147,12.909090909090908,14.272727272727273,118772,kyxsan,Heroic
118773,4,11,153,38.25,60,24,169,42.25,58,25,0.9053254437869822,13.909090909090908,15.363636363636363,118773,sjuush,Heroic
118775,4,11,187,46.75,58,33,155,38.75,56,22,1.206451612903226,17.0,14.090909090909092,118775,degster,Heroic
118796,4,10,72,18.0,40,4,71,17.75,27,14,1.0140845070422535,7.2,7.1,118796,MaThZ†,GenOne
119049,6,11,163,27.166666666666668,41,18,147,24.5,46,10,1.1088435374149659,14.818181818181818,13.363636363636363,119049,pancc,Vikings KR
119051,4,9,92,23.0,43,13,141,35.25,47,29,0.6524822695035462,10.222222222222221,15.666666666666666,119051,talkzyn,Nitro
119053,2,4,35,17.5,19,16,58,29.0,30,28,0.603448275862069,8.75,14.5,119053,gejmzilla,Kyoto
119055,2,4,69,34.5,36,33,62,31.0,36,26,1.1129032258064515,17.25,15.5,119055,tripey,kubixPulse
119057,2,4,82,41.0,42,40,58,29.0,30,28,1.4137931034482758,20.5,14.5,119057,ammar-iwnl-,Kyoto
119059,2,4,50,25.0,27,23,58,29.0,34,24,0.8620689655172413,12.5,14.5,119059,rosoneriii,Kyoto
119060,2,4,67,33.5,43,24,53,26.5,32,21,1.2641509433962264,16.75,13.25,119060,v1w,kubixPulse
119062,4,11,145,36.25,46,15,182,45.5,53,31,0.7967032967032966,13.181818181818182,16.545454545454547,119062,BK1,ShindeN
119064,4,11,156,39.0,52,15,179,44.75,54,32,0.8715083798882681,14.181818181818182,16.272727272727273,119064,abizz,ShindeN
119066,4,11,167,41.75,55,13,176,44.0,51,32,0.9488636363636364,15.181818181818182,16.0,119066,roy,ShindeN
119068,4,11,183,45.75,58,35,169,42.25,48,31,1.0828402366863905,16.636363636363637,15.363636363636363,119068,ivz,ShindeN
119072,6,12,194,32.333333333333336,45,26,188,31.333333333333332,43,17,1.0319148936170213,16.166666666666668,15.666666666666666,119072,teleD,Yawara Esports
119105,3,8,125,41.666666666666664,63,27,102,34.0,41,27,1.2254901960784315,15.625,12.75,119105,vsm,Tropa do Taco
119107,3,8,105,35.0,47,23,95,31.666666666666668,40,22,1.105263157894737,13.125,11.875,119107,TACO,Tropa do Taco
119109,3,8,121,40.333333333333336,46,33,100,33.333333333333336,41,21,1.21,15.125,12.5,119109,ponter,Tropa do Taco
119111,3,8,111,37.0,45,29,80,26.666666666666668,39,16,1.3875,13.875,10.0,119111,farias,Tropa do Taco
119119,3,6,42,14.0,20,8,93,31.0,34,27,0.45161290322580644,7.0,15.5,119119,ruan pablo,Bestia Academy
119121,3,6,47,15.666666666666666,17,14,90,30.0,32,28,0.5222222222222223,7.833333333333333,15.0,119121,Lucasye,Bestia Academy
119123,3,6,42,14.0,19,10,89,29.666666666666668,31,28,0.47191011235955055,7.0,14.833333333333334,119123,agt,Bestia Academy
119130,4,10,125,31.25,42,24,146,36.5,51,30,0.8561643835616438,12.5,14.6,119130,tsug,paiN Academy
119131,2,6,65,32.5,35,30,95,47.5,52,43,0.6842105263157895,10.833333333333334,15.833333333333334,119131,alwayz,BeBold.gg
119133,2,6,93,46.5,48,45,77,38.5,41,36,1.2077922077922079,15.5,12.833333333333334,119133,Machado,BeBold.gg
119135,2,6,86,43.0,52,34,85,42.5,46,39,1.011764705882353,14.333333333333334,14.166666666666666,119135,agR,BeBold.gg
119137,2,6,68,34.0,34,34,94,47.0,53,41,0.723404255319149,11.333333333333334,15.666666666666666,119137,vhs,BeBold.gg
119138,2,6,68,34.0,41,27,88,44.0,50,38,0.7727272727272727,11.333333333333334,14.666666666666666,119138,guH,BeBold.gg
119309,1,2,38,38.0,38,38,44,44.0,44,44,0.8636363636363636,19.0,22.0,119309,EddezeNNN,DUSTY
119311,1,2,44,44.0,44,44,42,42.0,42,42,1.0476190476190477,22.0,21.0,119311,th0rsteinnf,DUSTY
119346,2,6,76,38.0,39,37,99,49.5,54,45,0.7676767676767676,12.666666666666666,16.5,119346,Hippo,ADEPTS
119403,2,4,62,31.0,38,24,69,34.5,36,33,0.8985507246376812,15.5,17.25,119403,BALJS,DevilsOne
119405,2,5,71,35.5,36,35,74,37.0,42,32,0.9594594594594594,14.2,14.8,119405,H4RR3w0w,777
119454,1,2,24,24.0,24,24,33,33.0,33,33,0.7272727272727273,12.0,16.5,119454,doobs,Lilmix
119496,1,2,20,20.0,20,20,21,21.0,21,21,0.9523809523809523,10.0,10.5,119496,dobbo,Verdant
119696,1,2,31,31.0,31,31,33,33.0,33,33,0.9393939393939394,15.5,16.5,119696,MAT1-_-,kubixPulse
120255,1,2,23,23.0,23,23,19,19.0,19,19,1.2105263157894737,11.5,9.5,120255,redi,Hype E-sports
120298,1,2,14,14.0,14,14,30,30.0,30,30,0.4666666666666667,7.0,15.0,120298,★ ⑲ iogazeraXD,JOGA DE TERNO
120300,1,2,13,13.0,13,13,28,28.0,28,28,0.4642857142857143,6.5,14.0,120300,★ ⑳ lulu,JOGA DE TERNO
